feature1,feature2,label
0.7221373223038696,0.43816632474394546,0
0.7896551198881222,1.1811196581380177,0
0.39528342739152794,0.3952907696433381,0
1.2062454412826722,0.8432072445360087,0
0.2900446718708952,0.7426402278666931,0
0.2927533073790437,0.29171932237453607,0
0.6082088174423833,-0.35564493741245295,0
-0.2714067058201476,0.24853737234335688,0
0.0470481530409918,0.6405356794862036,0
0.09391928838563396,-0.13160141621205446,0
1.1554580556894951,0.3990297688807375,0
0.5301995312161435,-0.13716675903856357,0
0.25654464443702996,0.5496060901663159,0
-0.014739976156387224,0.6680172616065772,0
0.2313862118850269,0.36955058937008356,0
0.23090862250879246,1.3283639867603765,0
0.49396385759567757,0.026977292462031233,0
0.867853267601864,-0.04597787824683297,0
0.5934066392911237,-0.3763911220941224,0
-0.09398285842075005,0.588039021107596,0
0.8302522943963049,0.5766382251856145,0
0.44828051581976047,0.3653423336771893,0
-0.16121513533797138,0.17807588336398134,0
0.29399607901239183,0.9727594316702812,0
0.6536707707574573,-0.28845552689057263,0
0.6449347571969446,0.3277859688116961,0
0.19727127837014857,0.7735499524145953,0
0.961077003414154,0.9164811304875843,0
0.12469051403303438,0.36171602162249394,0
0.6481455102156415,0.9362770438728538,0
0.2857067662222559,0.41697078150933153,0
0.005231958447411644,-0.034959865315983385,0
0.8633725944694695,1.1065289795381235,0
0.4677960946156698,0.9487935554687843,0
0.6617285470238653,0.21149367501499183,0
0.6616210281373022,1.1878308628996561,0
0.48397810823711646,1.1997299149927803,0
-0.6715856272933862,0.8675659741320638,0
0.5389286323645227,0.3662798477172434,0
0.5410366668003102,-0.38886784060261415,0
0.4017597452099228,0.659705597104004,0
1.1609343095168292,0.26822251224529414,0
0.13843066891142236,0.2756074284711303,0
0.9093802723858202,0.6470219657755084,0
0.2630840345205522,0.7295401742156582,0
0.5434143998862617,0.933191208979236,0
0.18603231165523976,0.3534650333107778,0
0.3246439030129197,-0.15450378202209913,0
0.6324290138064927,0.6167474668957884,0
0.5022868073305081,0.3950894446252724,0
-0.13297303851780928,0.3118816927758635,0
0.3467334088340337,0.1412106978435121,0
0.42787083698307454,0.6806970364408684,0
1.3435279786616896,0.5780735713710454,0
0.6151800362575465,0.46670677433992536,0
-0.35810057413570817,0.48814263442971767,0
0.5269357687454438,1.6015953617114567,0
0.4139735613063934,0.6348560711784715,0
0.48447642466395163,-0.022648707185666028,0
1.0110858998986438,0.8362746751230397,0
0.8537602411924533,0.09330956663868933,0
1.127348687540619,-0.12692685414677318,0
0.7624504709630749,1.4796015362015909,0
0.05701868856498954,0.2467439562208814,0
0.544565445277323,0.2748388424760013,0
-0.1934777684173864,0.5306622944811765,0
0.024923336671590635,0.711796973705924,0
0.08882098241850539,1.1931517380569818,0
0.14971847894713175,0.3559697113654918,0
0.8638159597810109,-0.05045925652502703,0
0.601723175186498,1.0845720109743628,0
-0.21888835703402876,0.5825707717252624,0
0.6162231188244133,0.8496418175316336,0
-0.05318117486801599,-0.09052614963911598,0
0.73341936420041,0.6328155835249932,0
0.6120238082502123,0.6549363494236652,0
0.19588369923402532,0.6038670109755307,0
0.6310659945259687,0.18053233389393458,0
1.334399727521223,0.7119045242272077,0
-0.03276712031567053,0.7936196999556072,0
0.06410910578973528,0.8519949356023215,0
1.0181396946182568,0.13297970964669048,0
0.9308349025781852,0.6846012424890768,0
0.8676364798684065,1.348271609691761,0
0.39025909834939554,0.16291893987933986,0
0.10219705367807541,0.13515854921476106,0
0.4655190673137255,0.6525678012696624,0
0.6237398872101352,0.8699275949387373,0
0.5058146228150205,1.1500402008272368,0
0.3816418660340209,1.7164966333586675,0
0.779806944180911,0.11666748728511622,0
0.02108231554815826,0.7157682235504537,0
0.400064404313991,0.8193107281516709,0
0.7116382996113942,0.4674299201143675,0
0.12130233669585094,-0.17746027398489816,0
0.3003124428416161,0.8829931839912291,0
0.5957456330865165,-0.05711131828151461,0
0.5774488645219187,0.6723191707971556,0
0.10472693804711664,0.5687479573485115,0
0.5260317302656803,-0.011151856442490726,0
0.6600073718457948,0.7507904643378791,0
0.9843552405711149,0.9712746046357628,0
-0.11611247145424519,0.08059189194966637,0
0.7303307736576663,0.7297720624248138,0
0.7303363276468622,2.22299390243161,0
0.7553099979238984,1.007840392871377,0
0.9266425587650955,0.7913110235736827,0
0.3590073075538352,0.8394213539705945,0
0.15438205711362618,0.39409149939851007,0
0.28293882265073084,0.536615228253422,0
1.5351467799568388,-0.335066380530877,0
0.8069048871858717,-0.22122846327457113,0
0.2889456534693039,0.9869935117916013,0
0.5287468984584879,0.01801788283093131,0
0.18010645630739308,0.8039253527947541,0
0.1733701125965857,0.5968032241238047,0
0.520380346376933,0.20859546571818016,0
1.4588009447380619,0.7834972052266559,0
-0.4056712975792336,0.5833849045045166,0
0.20404009563772296,0.8812197765782387,0
0.14557395105723026,0.4486883034767176,0
0.7258371767145906,0.8871774932075842,0
-0.03678887186509472,0.35040649962039006,0
0.2875979997298625,0.2078222848554821,0
1.289535138486756,0.6811133270705736,0
-0.06388444672638027,0.9104803415149585,0
1.4490571030785366,0.9617325013998792,0
-0.17948290536894296,0.2834439392098951,0
1.0665798902067332,0.18352059385509123,0
0.6984820822140101,0.8464268802308402,0
0.08546409102709396,0.4733794514921872,0
-0.9495388211288749,0.0418799197331709,0
0.38704808890668707,-0.058025603210878574,0
1.2300365285660413,-0.13957866771103877,0
0.3032061229243085,0.5584689636458531,0
1.1445570097013076,-0.1421370752712613,0
1.0201826437564414,0.5045763640115399,0
0.06105598715053234,0.7066589562182995,0
0.5890222021765386,0.23157485228605884,0
0.53121644140178,0.3276825209524309,0
0.5507665001214207,0.7961138396433697,0
1.2092882828717586,-0.05356791979592912,0
1.4539215248014379,-0.3730002035560591,0
0.43211964190583396,0.7631034532064587,0
0.6256633834760326,0.22152030882493495,0
0.40692490011418053,0.27952327942638355,0
0.23642806798602034,0.8799536085530766,0
0.6596621791275936,0.19012140854706222,0
0.9023132948038184,0.6374285236266428,0
0.8635229908116855,0.7815785782271333,0
0.12926216051401318,0.24947942288260677,0
0.8341998600412996,0.7729658809907636,0
0.4906525230116131,0.5524704009401221,0
1.0713891118896206,0.23544123220382485,0
0.7446693869216636,0.4095766969213649,0
0.4026500064319978,0.9913879466293164,0
0.8691374132153848,0.8638125692897076,0
1.0838278711964837,0.5093932035358979,0
0.8049786402547003,0.3612444882197302,0
0.6449716000364629,0.4417982567268813,0
0.5433779142533816,0.766162313232702,0
0.1340805863387266,1.4357440367376564,0
0.05009534968406543,-0.043001655139907946,0
1.0179229277255621,0.8540423197903474,0
0.7791148674066702,0.7810046544143308,0
0.4945230766818601,0.09873564644976635,0
0.5339008290251022,0.1971640762597633,0
0.936086802024713,0.43423393967361956,0
0.1308264305472846,0.3562718822115847,0
0.6846685603616285,0.24789471586892858,0
0.13229186060533854,0.6089802340286568,0
0.609552381042828,0.27328811982811135,0
0.2893452657262219,0.6037758868212485,0
-0.14760300494820722,-0.12943693507488085,0
0.1787019766475308,0.40454353183371977,0
0.6390420902792227,1.159799358425225,0
0.8835570438073141,0.428473314956078,0
0.4914956932910638,0.05165523824603713,0
0.4917206738888636,0.37090793221640084,0
0.6443241277033671,0.13005107542514294,0
0.7322588219441648,1.18546168024658,0
0.4513609829614995,0.6796509435943475,0
0.8086417759458198,0.3205687501797454,0
0.6002172045149454,0.505631492829603,0
0.5436820792264313,0.1542995152053515,0
0.5109612831566723,0.7227116063807129,0
1.1489711504288014,0.9289989551917802,0
1.4629324685911786,0.15683173740270528,0
0.8901136483766672,0.5819930375924222,0
1.4793096432006294,0.1385180175698717,0
0.12446497573848692,0.23194345991474735,0
-0.4498350433355761,0.2648752064019885,0
0.16050555296511804,0.5672581459908778,0
0.6528379187109,1.33904910677791,0
0.9250424619240538,0.24200084189414706,0
0.0982167445763878,0.7199929413847849,0
-0.09042623941014172,1.319053259687641,0
1.0274616570646713,0.2901782697012176,0
-0.2661370523298586,1.1054701322985787,0
0.44877622397656797,1.0535682834461495,0
-0.21304972605400907,0.2319513409319734,0
0.5023450538046909,0.5210103602562532,0
0.2987246022893837,0.7785469577020305,0
0.02254562914660102,0.43632595857819495,0
0.553797841980817,0.7300640406442194,0
0.8182438482413966,-0.002955233541407365,0
-0.18607671420211402,1.0713944454081916,0
0.6486153441324093,0.16526664480323294,0
1.19369625214029,0.551731269110252,0
1.0273977338481595,0.5301951828341119,0
1.4215944889055505,1.2850122894769505,0
0.38865984800808817,0.9344997382596105,0
0.7886208988631734,1.1120706397587492,0
0.06847310981170956,0.8068115401238976,0
0.9733418203292021,-0.2865322092710304,0
-0.029169293855193734,-0.4119723542753039,0
0.3795176009157874,0.8208946521376628,0
1.1718744989925822,0.5331361931593075,0
1.2283390138220631,-0.11720013528301654,0
-0.2617757852155077,0.4751583138546941,0
0.6717592903274531,0.4853784641508752,0
-0.4245882150468169,0.4601443066983876,0
-0.08337649554080961,0.7994866683699027,0
0.6639477197409499,0.07967298141881124,0
0.27019172828937765,0.02630531247386858,0
0.4719690555457732,0.9271526313655319,0
0.05916991064032334,0.7254164545039605,0
0.26286158394641623,0.145416489909722,0
0.45213456789706746,0.037025558777105005,0
0.2524005035096326,-0.035707279314571294,0
1.3786517908606712,0.5157703398673764,0
0.18707323970760126,0.5956947252442115,0
0.44976536902226605,0.4011793908965615,0
0.7746636981627644,0.838767746629195,0
0.2627526743602421,0.24248625424683262,0
0.37699314156844776,-0.5294504406388518,0
-0.17761404279521498,1.111284755740237,0
1.2356519256362537,0.3886276973409223,0
0.7578441124587056,0.6391953007133324,0
1.876917356465084,1.000689121574204,0
0.4427935139861916,0.07266932391346964,0
-0.2184246348600659,0.5909917041496751,0
0.16174966374233385,-0.1360511951823289,0
0.21084381568512162,0.016317028597804928,0
1.2545126767384795,0.8942812856410728,0
0.49643452641116403,1.1618511394920976,0
0.5346001590408382,0.11482199557667755,0
1.181161794988319,0.7410078982872557,0
0.03612941790516122,0.41487795541152056,0
0.10841161261840954,-0.11840683954093523,0
0.9141991911029586,1.3539170810920975,0
-0.12545843323731098,0.7517674964962571,0
0.20902379727769788,0.28215090566729345,0
0.23507338318880566,0.11361158141271344,0
0.5216995316927173,0.1283878107587112,0
0.6209519694845074,0.47753283444213107,0
0.39313918482318044,0.09412519155326832,0
0.24206001947524114,0.837821226110657,0
0.7240169765252263,0.06282400417379846,0
0.5444227574603041,0.8360305370554683,0
-0.24658073811690673,0.7429980652857796,0
0.2036656462981305,0.7551794821690356,0
0.15866012830435577,-0.30716781369169655,0
-0.22785910547449606,0.5215042418858603,0
0.6161514338271079,0.09557731061666991,0
0.7855872295489881,-0.24305436104261557,0
0.4704482156570203,-0.04158290890446359,0
0.20849003055309823,0.5211973302213342,0
0.11521144529514499,0.32802153239553666,0
0.9500278253345431,0.24200611281586004,0
0.8737328741676058,-0.005220264332381763,0
0.7369356313163931,1.1446890860043344,0
-0.6053530236996212,0.14361760756419056,0
0.7580745008592182,0.40919534285803627,0
0.6659814804853551,0.22988961302010447,0
0.5387241301893327,0.43037902382281484,0
1.022248014555236,0.6137804601028669,0
0.6509805003570084,0.315803021076757,0
0.28193586734438203,0.3065540975622412,0
0.6764043608456595,0.3117300166826871,0
0.6295912556381306,1.4281474532657108,0
0.8895788107505217,0.35419784396162357,0
1.0371991970955445,0.3175031451960455,0
-0.41147700145356847,0.04917009632033925,0
-0.3366435814342462,0.3427983909351693,0
0.508236949580641,1.249725558052915,0
0.6462063662884298,0.4020152647354457,0
0.8709214520888005,-0.48884977167832677,0
0.6053700336838655,0.8447413950039626,0
-0.16124387123198747,1.011502358030185,0
0.6513801954593958,0.31427759885674567,0
0.7829886535085646,1.5154847172147785,0
0.581333061824822,0.6110076208764809,0
0.2945675604845125,0.11993804391625579,0
0.8713374659891455,0.11714767416593547,0
0.5320053942632874,0.2863850958148424,0
0.7142062900439872,0.6492182297874617,0
0.964001968946401,0.27191373250422796,0
0.37930825985213296,0.0622835595200954,0
0.30130601370496424,0.6687339100784953,0
0.8385356010025071,0.08759512972913985,0
0.8888995901985015,1.1062596810320264,0
0.6848937095758484,1.3393286033533578,0
0.15395095010985826,-0.05662650502383215,0
-0.29546787790106255,1.1690513555683366,0
0.792641217949788,0.47514177946745345,0
0.625205776003671,-0.003334003538129182,0
1.5937735365055807,0.5577894694058958,0
0.5489228394242336,0.8245727013675997,0
0.715113867993648,0.6001239794728702,0
0.14648907662943078,0.7108470591592468,0
1.3416669418875977,1.101690136298687,0
1.2124947196018538,0.27137739926726656,0
0.05743527020807043,0.4437463791953704,0
0.5249209383835469,0.9893373231409515,0
-0.2568931923112693,1.1840356978640902,0
0.42933671955909747,0.30909298185794526,0
0.047373163318661815,-0.2400744022621848,0
0.8681330765634079,0.5327887917210741,0
-0.07688805202755744,-0.07917683411024024,0
0.3498325173165896,1.2464091172914933,0
0.3839072183959894,-0.172225964614373,0
0.3901003607409482,0.37803431179556074,0
-0.7060843722457115,0.47571859752737894,0
0.3967229384202835,0.8113529516181642,0
1.3268783031420694,1.003815197428569,0
0.37974932190769867,0.00514656983777928,0
1.6508414901264343,0.5264832887954963,0
0.5062293687191571,0.48921093305178576,0
0.5885861980767414,0.4354400611356387,0
0.24345055130136795,0.255437246656584,0
0.4853522922623217,0.25697305421752725,0
0.18120567449196368,0.5475970447959724,0
0.3859707218266448,1.1726061120307913,0
-0.6855497395732735,0.9881367037610843,0
1.0572662392361218,-0.42724830070974196,0
0.3467454489180971,0.333886594802404,0
-0.12945836570299596,0.15214980250261717,0
0.0033353830738210855,1.2836391652917838,0
0.9184480984310993,1.0686567259086281,0
0.8227415585326511,-0.0049273021116530424,0
0.2654274058044271,0.7188549570729516,0
-0.046552171575052315,0.8188625915432193,0
0.3925232145997415,0.3323750389875467,0
0.8179509636368192,0.6986805928783896,0
0.33857102313021525,1.0184680497327845,0
0.016533782300901023,0.7754547773779931,0
0.765242946071589,0.3615666239001809,0
0.6458511214881654,-0.05951500087408257,0
0.913237445598627,0.41730925074570707,0
0.26623115854308205,0.9691311875991426,0
0.1850079256846629,-0.12988304046927934,0
-0.1961457295517529,0.7710158892500381,0
-0.07262541451354576,1.2847678154876352,0
-0.4310671360767778,1.2586783520717888,0
0.5943698802209775,0.45674858150845216,0
0.2563047759316159,0.678499096793272,0
0.4831692494130126,0.9934116015784789,0
0.5510841574636567,0.5672169911533433,0
0.33738767520814783,0.47453314286771375,0
0.6376531357674649,-0.2648105557903534,0
-0.10292685002052437,0.8323978078939172,0
0.5764133469318725,0.41772015063764023,0
0.50824390548538,0.6554432641847999,0
0.2586121326629426,0.15193154535822434,0
0.5875846606938406,0.06245839238350076,0
0.682576182755835,-0.261418535290482,0
0.9602523928974518,0.7113520193341651,0
0.6144999780374073,0.9394727681956647,0
1.2448228145214038,0.9536400839442842,0
-0.32326398385704636,-0.07224421601280318,0
0.22057263733354565,0.5116682723751569,0
0.7315041517869828,0.175437499907789,0
0.583524636261688,0.16218248284296916,0
0.2265209246117359,-0.12907796677140804,0
0.08711754052164494,-0.10449173245962318,0
0.06357621378376699,0.9712029362300273,0
0.07541590936180192,1.677237047945533,0
0.7206184721774344,0.5826612274558596,0
0.11613073089979697,0.813188099134637,0
0.24256693802242513,0.5545644478938355,0
1.6449046111430372,0.4570407068607739,0
1.0139706564604134,0.18552994264864492,0
0.48435267136373766,1.2919261191761673,0
0.21961180782670264,1.3105516362805205,0
0.8165162877770973,0.2484572108030555,0
0.7828213388050187,0.9349395722370526,0
0.7780818689208454,-0.20222584272512534,0
0.17481436917767545,0.38930630104176783,0
0.4667123585467771,0.7775730003721393,0
0.5794703035513018,-0.09718415188932994,0
0.6700296479497341,0.7730622465094,0
0.7503458989457723,0.9833398342223356,0
0.872941325102887,0.7053515742137046,0
0.4686209398977659,-0.2428043110626531,0
0.6921311084705726,0.5928807573172854,0
0.6214537482438407,-0.07097932114205119,0
0.016536817625275424,0.9709842741500476,0
0.48231039742321125,0.8047763772077401,0
0.5126643628080237,0.5133073501320905,0
0.9196132744699108,0.2692177816551096,0
0.5429865182580266,0.29326420602743686,0
0.30568737989882666,0.36173402303523283,0
0.5993412426942792,0.28589710756522724,0
1.0615912119888309,0.09991945181389816,0
0.4164284601176099,0.3033462923762047,0
1.1471081822707552,0.5879019683164319,0
0.9614549064927664,-0.16436279575812296,0
0.619428509578611,0.8978549867782455,0
0.5367985186959424,0.9764973094676195,0
0.268661572320012,1.130279336034055,0
1.5280984955518717,0.33773366279975126,0
0.30076521560006386,1.1499732976556334,0
1.2064061386438154,0.26616988731358127,0
0.31208674274487846,0.37398209191494325,0
-0.10125654701139486,0.0891663599997668,0
0.050934597312723096,0.1566304902936697,0
0.48448844680224645,0.6047440126567184,0
1.19340490021584,0.053522499859293804,0
0.9402023589538553,0.4043012795770297,0
0.4778791565595695,0.8017884514052825,0
-0.0020965520098568113,0.6710188375451955,0
0.5744396905138685,0.7202309003855834,0
0.6293201489478624,1.5980436036011008,0
0.21479400864888243,0.26253094255410775,0
0.2213230846758446,0.25158308032238397,0
0.2149518110718628,1.0317443579854957,0
1.1352688121665069,0.24475449785402154,0
0.12775927141762983,0.7108234459461769,0
0.25303834684917437,0.783055713924766,0
0.5907499337646227,-0.17786137552581383,0
1.192065365141703,1.3031409112631462,0
0.22595256644676676,0.3266145914000861,0
0.6278428892150851,0.6495736235894718,0
0.7945099519779212,1.3989907994720339,0
0.42086679417863715,0.14299061899224896,0
-0.11685031130260304,0.1731181487786465,0
0.48518516735307965,1.3025506744765125,0
0.26851718988662987,0.6000810144820025,0
0.49265545759878243,1.0314656286866823,0
1.6300785357603733,0.2625882673236527,0
0.2811160271319309,0.9669629401144493,0
0.804951144816605,1.3258726229785236,0
0.7611406232733902,0.3393196922444218,0
0.7641488705333266,0.9958273146161596,0
0.8669307862969211,0.7268598433552521,0
0.977031423159967,1.0229248852054555,0
1.1181202919344866,0.7901118812653376,0
0.4252625224284488,0.5656123552188997,0
1.0395672129151405,0.1346552612856275,0
0.6648757160259167,0.3240935354893979,0
0.5128550756166894,1.0717410541502281,0
0.585462101305872,0.5207670556635182,0
-0.10814615417032736,0.8337347404176987,0
0.7886693014864465,1.4674369227917015,0
0.36235738893003766,0.598007005989584,0
0.6115277738513112,1.2054585529762245,0
0.45738254232614844,0.6247822197616376,0
0.7718595838022086,0.5834541369198494,0
0.30034881808481595,0.5867996835746134,0
0.9801427150977001,0.04092840211466392,0
0.5594658460676822,0.18689645306669167,0
1.0344410997115827,-0.18118989230680393,0
0.2500425510781946,0.6686942789128854,0
1.2001236299554705,0.47059558934048823,0
0.2517072234476599,1.3412790167246902,0
-0.1475715027390665,-0.4833359176667914,0
0.6967804442802874,0.2754745251913262,0
0.043290800008422725,0.8167866336923202,0
0.609030993791074,0.2477363674035346,0
-0.07256953346402228,0.8901747787004506,0
0.7907788065932008,0.4556472053724081,0
1.3258411705857183,0.021443544161548977,0
-0.18223559671494027,0.19056930431297253,0
0.4796133137211379,0.6088247100585809,0
0.39211595520183484,0.657443959690322,0
-0.05970544580215553,1.1456711596431757,0
0.46326087613650085,0.999669886081642,0
0.6532714344225415,0.704266249393944,0
0.754807673990876,0.7002213548614521,0
0.7874343563500203,1.0944150819683909,0
0.5878869388940519,0.8170761196541392,0
0.4598689775131243,1.1440399978625462,0
0.19750816662758042,1.3054050462832967,0
0.4820408185044333,-0.1398620777700318,0
0.5572900359916725,0.19542443953945277,0
0.8759472240770922,0.20813768370668762,0
0.300460702579503,-0.3450283041297695,0
0.29772246470126856,-0.5839917887197525,0
-0.20834287661358553,0.8400677724451554,0
0.851420514294676,0.6902704059384996,0
0.06755512226850274,0.4786628328735662,0
0.49838889554037774,-0.018036437553988316,0
1.1723401600018182,0.8923683445244248,0
0.4011818173449583,0.5120237127247771,0
0.5931916247826021,-0.41309159156566055,0
0.3894589140366954,0.19500737237856952,0
0.052061914050191394,0.37428812732238087,0
1.3039498552542066,0.7865936401377003,0
0.24456099030520173,0.756066804371654,0
0.12581077617803937,-0.08649124614421266,1
-0.4733324878670064,-0.7893189224188667,1
-0.18774504145697174,-0.32402798600885263,1
-0.09965742140421291,-0.21594253480962017,1
-0.030625756515296365,-0.7393644634001822,1
0.08915653678263435,-0.4116307703161416,1
0.42808487644712523,-0.8082141621026067,1
0.27634661407131245,-0.4114916069394557,1
-0.791322987569822,-0.7164003236589291,1
-0.643263671506315,-0.3103072220209565,1
-0.266180861540669,-0.756566441499712,1
-0.5108917047719695,0.4580524296077958,1
0.2725807924821345,-0.30487012288334014,1
-0.483004327886895,-0.4463203588056962,1
-0.22562642151138523,-0.957406740533004,1
-0.6151022866984236,-1.2462134830727642,1
-0.32146199193297254,-0.2105651768125632,1
-0.7160875551018079,0.2039082796802768,1
-1.0481790693916668,-1.154888355338454,1
-0.3996220952052907,-0.03172340324691536,1
0.25307535745881726,-0.7052192811159665,1
-0.01759926608429907,-0.5172215111026117,1
-0.5772012754879836,-0.10481526215731718,1
-0.20827234011785273,-1.2049840044428604,1
0.1603289187016832,0.11719561660668754,1
-0.7797601449527436,-0.3229912786998685,1
-0.2790629841069824,-0.38342314793337645,1
-0.7461039464733679,-0.8003591011973672,1
-0.5114281279677454,0.024460361250119855,1
-0.25689462034949095,-0.6657437679960428,1
-0.15488584496827207,-1.7739069873068487,1
0.013743639250435757,-1.2780236541481722,1
-0.6620885165612843,-1.0007315993488168,1
-1.0789991577843376,0.019137521336212826,1
-0.7091623358583405,-0.34503875319651445,1
-0.5209835207834993,-0.2866608564572736,1
-0.4656442058858371,-1.0737715655778584,1
-0.054455933597737094,-0.7208146568573446,1
-1.1961245875897784,-0.691458920423609,1
0.1711601819513342,-0.11976927773718687,1
-0.6559219746072733,-0.6561927937043057,1
-0.6438395676937387,0.4287499326755312,1
-0.32919327315862457,-0.3076795287449574,1
-0.03924323213830422,-0.3932102416253417,1
-0.615847169418501,-0.5878103219851673,1
-0.5320210566648887,-0.5166462902221161,1
-0.1745941755981127,-0.4767690936366874,1
-0.172353396861054,-0.5360975520068195,1
-0.46483327380591766,-1.393622512660081,1
-0.09020580594018746,-0.3450456428943582,1
-0.05367631042435694,-1.7952447811680903,1
0.4339495604761523,-0.5624263795017774,1
-0.0044055780555443125,-0.9650600686515258,1
-0.22595917868841836,-0.9711017615625038,1
-0.778957959674043,0.3559808436624178,1
-0.5852757620439402,-0.40276106300540976,1
-0.11089388183019316,-0.2783243206555641,1
-0.43273062059957407,-0.3367844778698103,1
0.5748401253550446,-0.525767909389772,1
-0.4100657722669854,-0.03013306993359921,1
-0.005593772603414593,0.03085609091707131,1
-0.21435116085184192,-1.0111673366963152,1
0.23049278856337874,-1.0126612448966998,1
-0.3646573054646494,-0.837322414885944,1
-0.5286835405892747,-0.3529729804229481,1
-0.35628468423862875,-0.3113113024823842,1
0.22167361873451752,-0.29717329433737105,1
-0.6091901667335029,-0.06884711109439073,1
0.03194737409308135,-1.0490029048712621,1
-0.23283456681051895,-0.18642601684457766,1
-0.6330744442271858,0.11523479033487871,1
-0.5671068986016732,-0.4438405027328584,1
-0.5774000728177262,-0.49303283811662696,1
-0.990269123267432,-1.1440103329078821,1
0.21308434236772755,-0.8787726298309316,1
-0.9433641371515059,-1.4630253352187803,1
-0.7857523805711593,-1.091703743679064,1
0.23433150363002475,-0.04839606867777835,1
-0.807750190111467,0.5073199151408716,1
-0.06094112662472195,-0.6452690109501168,1
-1.6177682163617533,0.5245406649722291,1
-1.1214356990690937,-1.235844689657717,1
-0.04269260044902351,0.5910904457686605,1
0.11906562431894951,-0.24781217488616686,1
-0.23401777242465704,-0.11834095950225287,1
-0.16059681663374814,-0.3742473722629024,1
-0.4533998496466166,-0.5279924977815341,1
-0.8371832146667139,-0.6255217102928171,1
-1.2571133039024724,-0.5439788180790041,1
-0.942111383508246,-0.9935401465074085,1
-0.41954888985324,0.1225223474203303,1
-0.08931632882238733,-1.202349221681175,1
-0.9425751571635441,-0.07927433447702315,1
-0.9393817197976495,-0.6004589986786507,1
-0.2540092230829313,-0.9330568053420131,1
-0.45287464101883734,-1.096594338070981,1
-0.7689397862687608,-0.35698917145618525,1
-1.2124084551815997,-0.30301370870982813,1
-0.5087822906657063,-0.2529189810074995,1
-0.39986255502168316,0.11006214645546142,1
-0.44399789992613536,-0.6920359959742295,1
-0.4453068939482654,-0.2570297350065964,1
-0.47814911227326096,-0.4818468438292877,1
-0.813940226715143,-0.7964583027981806,1
-1.1272641466687365,0.28243450592373764,1
-1.056272549809547,-0.8098766248469172,1
-0.8212814962684939,-0.09977765168611674,1
-0.6319055061205336,0.058007218576990316,1
-0.8011941636036115,-0.37523001758839497,1
-0.873578559178591,0.4593398543151357,1
-1.0311101589842542,-0.3614439662190204,1
-0.2165663623336075,-0.314943417814078,1
-0.5828631601284696,-0.558057581898106,1
-0.48040691409207675,-0.5657412936939671,1
-0.06894015455082458,0.4885759394770274,1
-0.7493179056350427,-1.1125945156241148,1
-0.5394809322612658,0.6536810882372028,1
-0.8594141931536186,0.2330353200070464,1
0.2502906132363315,-0.747572188000732,1
-0.24554303137891575,0.22824110872930348,1
-0.6695510802007909,-0.5910439048145534,1
-0.7601356129606747,-0.9538130060909396,1
-0.7903657454063551,-1.0473627273759263,1
-0.4847574096126828,-0.8443424971004551,1
-0.3954477618108237,-1.1958176861614547,1
-0.3520258616715116,-0.1272345161255264,1
-1.3916256851907995,-0.33271681647808615,1
0.049030264207791774,-1.0409679092331259,1
0.24799711085163578,-0.31260900223858035,1
-0.8152908868838158,-0.5249406897370191,1
-0.25030861398677007,-0.4660093556290738,1
-0.25906099552091105,-0.9117377478428885,1
-0.42425953694598983,-1.1322323431712902,1
-0.5497418068090512,-0.9042397863393554,1
-0.8289389902234472,0.05279767325881912,1
-0.011951277163544272,-0.22758515079301328,1
-0.9884971188997235,-0.64150216043458,1
0.04251378410041984,-0.43662226950794114,1
0.537235702724477,-0.32410291487016796,1
-0.4141130241019027,-0.6382410853842346,1
-0.440278691825998,-0.5681865837330333,1
-0.1833241726933782,-0.07214971708315426,1
-0.8515051726588323,-1.0953454756086023,1
-1.321176006981867,-0.2728193722086468,1
-0.9934405471016041,-1.4628019427923162,1
-0.3262223651333513,0.6149032777707784,1
-0.5027149941777179,-0.12501552596393695,1
-0.46340479834648823,-0.5442247973613548,1
-0.0889765015035841,-0.6298147225887182,1
-0.38041852181485025,-0.3561323674266321,1
-0.7987791338929058,-0.056345173975545615,1
-0.5782443818595515,-0.8379795100584843,1
-0.2600655038357599,-0.9018070965783604,1
-0.48739700328760205,-0.5040781392766063,1
-0.014372739666998702,-0.28770849649627994,1
-0.5111923962048449,-0.13428379305594523,1
0.12171971648721669,-0.25053964728945066,1
-0.49537016765699754,-1.086670998176433,1
-0.9763333108800681,-0.6365006374698625,1
-0.7725821434287503,-0.5836161086634333,1
-0.4746653834019621,-0.26311419881385045,1
-0.5315280120141598,-0.2824298506478443,1
-0.4711661651350104,-1.383455505929071,1
-0.920083558850054,-0.5644379138610642,1
-1.0409919354033685,-0.2317037156146739,1
0.18457258354697814,0.04504686975574346,1
-0.5954545537425318,0.16667299556642934,1
-0.4335138919308076,-0.6507494291362934,1
-0.7743220106513946,-0.6352685560241009,1
-0.6735979507095576,-0.42378754845993777,1
-0.42818913259094793,-0.49863777837522616,1
-0.30459531009656393,0.03247320151583055,1
-0.07534648096743157,-1.1640665594210644,1
-1.6421482533628362,-0.08215943314748286,1
-1.111286737330663,-0.60051814352442,1
-1.023290453525342,-1.305870150510748,1
-0.25785050649032026,-0.16049549121870638,1
-0.7578232891521177,-1.6587493395625776,1
-0.7442879437248835,-0.3247799220126423,1
-1.1613893600979615,-0.41799895100497997,1
-0.5068467726952174,-0.24093296562083483,1
-0.4465220334902969,-0.9351696597209764,1
0.03512304353216111,-0.5708965803464644,1
-0.5122109612877073,-0.9173701195420316,1
-0.6982418493766709,-0.8956958030480915,1
-0.5773438292859052,0.26549930385222575,1
-1.1135328428008335,-1.2216065943043954,1
0.15792737175126725,-0.5936123942823585,1
-0.7992184251071051,-0.03494048577234088,1
-0.7708395030163706,0.3166163694131736,1
-0.1968223335959236,-0.7182006151222872,1
0.46477756265605585,-0.7708839485643031,1
-0.168124860479839,-0.36615228900995245,1
0.08215640244278777,0.1983290367016579,1
-0.4856873094253819,-0.8369387147114378,1
-0.2942942041263772,-0.8030835272324228,1
0.4004141501001448,-0.4389395436737118,1
-0.6633767644759105,-0.41740845639612234,1
-1.1024531915330928,-0.934519007600583,1
0.036841419859982016,-0.7937720523621503,1
-0.9681928247335845,-0.26000159300732323,1
0.03026301820607702,-0.17847430494087724,1
-0.05455393314136847,-0.8384490526158577,1
-1.1358530603938124,0.17141682053609564,1
-0.6443068109239385,-0.6121759351589618,1
0.09398647769829838,-0.25124637757095547,1
-0.29612079030291893,0.46821848292905377,1
-0.7877901015780739,-0.08505728027164844,1
-0.47450295542408666,-0.3798818812460355,1
0.1835518605841111,-0.27288894550627696,1
-0.25926667504468404,-0.020360137481597207,1
-0.6632118223663974,-0.8753059727090007,1
-0.9672528762695596,-1.379381400369876,1
0.41956378367326064,-0.9933697798200265,1
-0.5989476285211874,-0.6237946711255323,1
-0.362523545392023,-0.1351912281971877,1
-0.11518455743824707,-0.7607601577573209,1
-0.574739102508536,-0.3736264043259274,1
-0.6112180527094778,0.2188267942628519,1
-0.2804293265774397,-0.17135266304761232,1
-0.20355048444967277,0.024793463031217433,1
-0.41904469786910853,-1.0799608782045484,1
-0.3212541140186874,-0.7912956584263281,1
-0.7364045668865657,-0.23777003890073,1
0.053777024622567504,-0.4904870616859126,1
-0.3618856780265336,0.2612536657040866,1
-0.3923319049728706,0.6635080598441421,1
-0.24709639808721007,-1.2874370443444998,1
-0.163095384986075,-0.32954078824161614,1
0.07679496645931772,-0.19894414747504174,1
-0.5619193984158681,-1.0475228162152244,1
-0.5934780424339962,-0.8803643103731984,1
-0.7596179792592094,-0.23677973552543086,1
0.24680399753256754,-0.32349752610639576,1
-1.034815163970254,-0.301167642176396,1
0.03514986963126154,-0.7727032051150777,1
-0.5599342989665127,-0.49343123962375224,1
-0.8510171966953602,-0.2100801762884152,1
-0.5540896564079493,-0.3123793873314537,1
-0.8968985678129651,-0.6956372993689328,1
-0.17694123564370068,-0.6667360544685418,1
0.2723217132085456,-0.6787227354605949,1
-0.3995179359425771,-0.08293270094773869,1
-1.134312439158914,-1.2874576397939321,1
-1.1822942459361068,0.06464477651476086,1
-0.7467984656305015,0.644061500549123,1
-0.752339197347788,-0.4174661481430502,1
0.18965253654414926,0.3971520134205363,1
0.42193242664358654,0.04039780666429049,1
-0.04202531581508745,-0.23501389261711797,1
-0.15190634453030133,-0.7464977459875033,1
-0.8659096644893409,-0.5015091032316134,1
-0.5761088769381764,-0.702689745521083,1
-0.18856606576184431,-0.0727745228753447,1
-0.460463238514467,0.16077154000806793,1
-1.0105788936748066,-0.5866071430870604,1
-0.820572687331404,-1.3347405516535713,1
-0.536975926794116,-0.5544471409672495,1
0.17683530128380154,-0.21789243846687267,1
-0.9580302721719476,0.32917540298005654,1
0.04606286920249392,-0.23967799309953203,1
-0.6012867681702012,-0.9290742707188426,1
-0.6664559305961834,-0.013096815186474653,1
0.34281261790700024,0.19015948701064667,1
-0.7186201075751151,-1.000708137925613,1
-0.43699375496234566,-1.2908701270970273,1
-0.3554750045899211,-0.5660098833237205,1
-0.7084178596347195,-1.213172892467195,1
-0.27031104969179554,-0.73823105783105,1
-1.0232027145339315,-1.7845147116203535,1
-0.512305039617535,0.29257500867721753,1
0.24293770639538892,-0.7044196603975179,1
-0.7693174207678295,-0.2903577794628706,1
-0.9464915419542004,-0.36503455938897356,1
-0.15739848426197395,0.048701218491656095,1
-0.5447902646465774,-0.5910856701256011,1
-0.8926457494097554,-0.869792136178444,1
-0.6012844395521281,-0.3357091508340727,1
-0.09143253450874333,-0.8591925463636404,1
0.1675506218860746,-0.6212501604471433,1
-0.5095557445316701,-0.8341632216312591,1
-1.584153203152416,-0.10464287970818953,1
-0.1704733914590919,-0.625813508332056,1
-0.47004084048474404,-0.26926496739111416,1
-1.1987917507917936,-0.7365995500449156,1
-0.14479403684770054,-1.0609352827330882,1
-0.36871690166822896,-1.1066818264354543,1
-0.29140617050692047,-0.5159393554472057,1
-1.222308906597479,0.020887274527091604,1
-0.8285193402838391,-0.8623559056198045,1
-0.41030272815980984,0.013686238963557251,1
-0.9542893280526363,-0.4724159325795911,1
-0.30822743107745554,-0.1900337493146676,1
-0.4210929376688676,-0.6641398395650325,1
-0.8701095981769175,-0.4614752843325029,1
-0.9794751424258558,-1.806467653439164,1
-0.3047645203318919,-0.09574804962015954,1
-1.556735510422138,-0.9515652989400374,1
-0.22310579676674613,0.4201399467346436,1
-0.49070077122670575,-0.8255728128816258,1
-0.5817937750306419,0.11486342677536698,1
-0.7888839631104623,-0.8574095307888863,1
-0.7158894662593405,-0.9263415145923497,1
-0.4451401669228515,0.22657829494350124,1
-0.35551455663826775,-0.6128559170229033,1
-0.6305019667791256,-1.1990801820097188,1
-0.10506130134085245,-0.5348098527397338,1
-0.5807130710723855,0.928001116234026,1
-0.366393637683712,-0.8362111785777564,1
-0.6906729135678003,0.013600534846379797,1
-0.44934393243965004,-1.1432174660117203,1
-0.08890832308102764,-0.7988031188059249,1
0.3377642339443241,-0.016987821218977184,1
-0.7000484333034072,0.07288793302583452,1
-0.46965409316255474,-0.11862801860087918,1
-0.28322089392091376,-0.878502202753786,1
-0.7878042343940872,-0.03938751954545261,1
-0.6497160799560586,-0.680517080564486,1
-0.927143802854018,-0.31056073882552576,1
0.4223891849429873,-0.9774152328982016,1
-0.48916872970032044,0.13156423222628166,1
-0.5356167129296151,-0.2976931824963821,1
-0.9751168295584518,-0.30845524307961747,1
-0.5836934596298812,-0.05916814443985047,1
0.031015185366770837,0.6580880671231102,1
-0.2407801645361069,-0.35429945786064676,1
-0.4130686975828514,-0.6579407676172588,1
-0.3486254233468522,-0.632107526744033,1
-0.4246619611010327,0.08924753132111951,1
-0.9501395196424594,0.009769189755838958,1
0.08903176495223031,-0.5528018504710641,1
-1.4489223585148339,-0.7718262562724302,1
0.08003359451143122,-0.5102269083628002,1
-0.9469015442957412,-0.7257422074406792,1
-0.1240632954976289,-0.2554933151841397,1
-0.6068536831500315,-0.6640488641248037,1
-0.675199570400296,-0.9125143751353548,1
0.22241797017085263,-0.6441460959392368,1
0.04432983839178073,0.18035322147204014,1
-0.05354179381245833,-0.6930264719414546,1
-0.31944641468904206,-0.5108206041293833,1
-0.9041477583971229,-0.35494211938749815,1
-1.027282624242095,0.03114636961508721,1
-0.7077831720562873,-0.4100386670275733,1
-0.37330981240431954,-0.6157858241830225,1
-0.23762255558470385,-0.7123833717942365,1
-0.11034400285474949,-1.101940412273032,1
-0.4434813338332762,0.36711540908799,1
-0.9473617683680946,-0.8030967651004318,1
-0.2701734227983848,-0.419688585612503,1
-0.3431934526133644,-0.28122886465435754,1
-0.21614392990347736,-0.003727143753022355,1
-0.31672352493203615,-0.6078937031638454,1
-0.19921589684641217,0.3496530311299063,1
-0.5593156146043803,-0.9358227542618316,1
-0.0048984733796730295,-0.5538360931621586,1
-1.4716473595061985,-0.1210215048569554,1
-0.7394060428129239,-0.5404877146916565,1
-0.3515338827309664,-0.41480595326441305,1
-0.18272350202327148,-0.6947554255737667,1
-0.27053211112579834,-0.616072802882372,1
-0.16959390844924682,-0.2247992949207595,1
-0.9183409053111773,-0.014334033176710781,1
-0.7396901393459978,-0.13862556665890935,1
-0.3357441199922666,0.32206073128887935,1
-0.5999370254484462,-0.6562192203605448,1
-0.5086847117722451,-0.6355861207642127,1
-0.14225510584142104,-1.2228360786436512,1
-0.9712211031815348,-0.9775359838447906,1
-0.07500952496259022,0.2650095568626719,1
-0.5467111105693034,-0.5754993698263032,1
-0.46867172026160464,0.019607773242797055,1
-0.9147249294395217,-0.39339815017550933,1
-0.06387836166196276,-0.2759038745771349,1
-0.41521652360018146,-0.0523185776818651,1
-1.7089222332237846,-0.19684494105189992,1
-0.7925115379805063,-1.3186839198436797,1
-0.2713832474375083,0.11431877697156767,1
-0.5614688444227787,-0.07386154768497932,1
0.2210327567015109,0.0880476205621844,1
0.23341443367257697,-0.16811049639837616,1
-0.4662650511251732,-1.2164208906065421,1
-0.61004249003426,-0.877111341784452,1
0.47087509831664676,-0.5786585265752965,1
-0.44490113537503256,-0.2533682421152962,1
-0.4805003931851809,0.2580498703469817,1
-0.7784572597970182,-0.4129689002322556,1
-0.8320429401829839,-1.0903320133838954,1
-0.7735914547594933,-0.5165633591738226,1
-0.6919897913824941,-0.8096600760089911,1
-1.1289242893430624,-0.5371659419413615,1
-1.172931408692446,-0.16009263969718734,1
-0.4631318216780326,-1.1518368467020665,1
-0.638282503108693,-0.8363745705224894,1
-0.35726081960349954,0.09946766355553271,1
-1.3386026223328091,-0.4485587735682208,1
-0.571613563262817,-0.1997675906073706,1
-0.4046555693373552,-0.8362909085526179,1
-0.6426852577278805,-0.855993585532023,1
-0.018794978763699288,-0.49046914097138883,1
0.3502383223066331,-0.5271283406519901,1
-0.8168091373065287,-1.1769536560804172,1
-1.3063885778070512,-1.2084471308322016,1
-0.38053732994729206,-0.2724912532405417,1
-1.207129979026893,-0.0997266974517998,1
-0.716031469769342,-0.43435216931567405,1
0.22100698390130935,-0.09892126496605302,1
-0.6200905565519005,-0.8985532794095796,1
-1.4623211024806633,-0.8216151416141317,1
-0.5944203132248981,-0.9414801057412293,1
-0.5586999001877693,-0.4656307931010673,1
-0.600558652094064,-0.7906899912543115,1
-0.42457533775189377,-0.30235813310847764,1
-0.9876412919530522,0.13098814255364144,1
-0.5440899531124702,-0.49157019234901617,1
-0.18327688139050607,-0.3957025754090593,1
-0.07374433894493054,-0.3715941697251683,1
-0.7738903203315051,-0.3383307087066696,1
-1.0114899094434033,-0.45145062365326355,1
-0.5148609035945393,-0.593072688025004,1
-0.5574837226472212,-1.3415884778251632,1
-0.7453972389312181,-0.4584784979368439,1
-0.42851004817119187,-0.9595902947794237,1
0.06604175436559134,-0.8873651682016372,1
-0.06644555966911436,-0.3089528734500537,1
-0.7890016387455125,0.2939431674141395,1
-1.033810619250994,-0.08894175720107866,1
-0.05252598395431729,-0.7999104749160999,1
0.12272941345069632,-0.6118242008360304,1
-0.3708922840518232,-0.383580534495962,1
-0.560064695180118,-0.1373955168991018,1
-0.14514105629318347,-1.281967270598483,1
0.08331868977282697,-1.243489019459307,1
-0.03823129943653314,0.003877855308935585,1
-0.9878950198262928,-0.683721734798925,1
-0.9944861603546844,-0.5961156067039807,1
-0.6377571197679612,-0.15132521009441757,1
0.08598788556719161,0.12416877520445924,1
-0.7514091844411984,-0.5935668664145285,1
-1.2528564467450805,-0.8603960499435508,1
-0.0685052320384798,0.2225106033469788,1
-1.052017597094737,-0.7649580715409847,1
-0.5118090135114998,-0.3747081208448489,1
-0.8620657010735813,-0.3103541355937469,1
-0.7119073980929369,-0.5064632520226146,1
-0.25569425728527484,-0.4971278736265797,1
-0.6951577031278378,-0.5490189945157162,1
-0.5395171166952342,-0.6654739630482287,1
-0.6157371176865873,0.2149367490572488,1
-0.24914919690034715,-0.6321428154252918,1
-0.1883125148592218,-0.6492886142617466,1
0.02463728714470692,-0.33469098617860393,1
-0.5479869776249855,-0.29977490384219785,1
-1.2025171720516923,-1.003905731063541,1
-1.0339394948690317,-0.4360739046388315,1
0.27480426217733567,0.4978677610183888,1
-0.2146548728119706,-0.2760155415738008,1
-1.3054575049934538,-0.742691101162676,1
-0.8523076041673303,-0.777651486671395,1
-0.5751962016703964,-0.7111253246535846,1
-1.3851697847705409,-0.16552436525038328,1
-0.9797452655886028,-0.393005549688763,1
0.4275579681030375,-0.9111612888506248,1
-1.6315789806960677,-0.6279049763951721,1
-0.0076358831319677245,0.37579960624018105,1
-1.0498712949805804,-0.2778693544943589,1
-0.7080931624003355,-0.5473815444656559,1
0.682586295955881,-1.1721487644913489,1
-0.3865241736620696,-0.2908412550640012,1
-0.014421593679188938,-0.4561806016378567,1
-0.36223561063266857,-0.6751505640091069,1
-0.37964277295986965,-0.653480251473009,1
-0.2220246002757717,-0.6652947673160212,1
-0.3313555769785528,-0.5130867281225046,1
0.0035849813614505788,-0.522983971912138,1
-1.2929242250449642,0.06434845157300695,1
-0.9050557988292214,-0.7923731949239818,1
-0.7663878290093478,0.11466740143902743,1
-1.455102544049959,0.9032438035128065,1
-0.02771703736535841,-0.40016452255679213,1
-0.5245493433869863,-0.37229633547324315,1
-0.2669469651088068,-0.21145081793466286,1
-0.25152612908276367,-0.4599383014485045,1
-0.5882524244759212,-0.567651469085772,1
-0.5871656328492363,0.007037401490255557,1
-0.2345533640956058,-1.814981773475425,1
-0.2066722554369112,-0.4129113261858368,1
-0.5083668102375027,-0.6737507343239624,1
0.0027184912521824867,-0.07625328404268206,1
-0.8456414007090184,-0.3179606831185554,1
-0.9345381018459566,-1.116983999892311,1
-0.7802764633706329,-0.11432591448001278,1
-0.07374952149629971,-0.2705412244796832,1
-0.17572730608183612,-0.26915805230030987,1
-0.786879290646705,-0.3068383658188758,1
-0.1420459783505139,-0.16267066233962685,1
0.031698223595152175,-0.18323688978675945,1
-0.34282758347331327,-0.021414264197373634,1
-0.5118606677059586,-0.8943863335558191,1
-0.5729257632525526,-0.8331305900813202,1
-1.3019489039547525,-0.06463071434756121,0
-1.3543809620161853,-0.13772458294554207,0
-1.8468502236998579,0.09538784577176775,0
-0.9994608950289731,-0.3654131445421442,0
-0.705176374302571,0.41929411228136354,0
-1.7189226269258735,-0.34110089059950593,0
-1.343970915699664,-0.42033744526845584,0
-0.6290475735629435,-0.08668168442245927,0
-1.118294633245619,-0.8961544928733911,0
-0.7158324180646309,-0.554213202515928,0
-0.9731973129308258,0.12404673773305167,0
-0.3914949771070728,-0.5853222765537481,0
-2.3503668878604604,0.08222001594033031,0
-0.19478692077865378,0.5540736531296057,0
-0.9062374590646158,-0.21986638625439264,0
-0.6390438015485662,-0.4353830963551555,0
-0.7869663292218655,0.22605312729884322,0
-0.5258597152827482,1.2341574883589768,0
-0.8245062443863901,-0.22761545303134534,0
-1.0114371801078201,-0.7911547961378042,0
-1.3106851571953713,-0.18303667072355026,0
-1.2343794568001418,0.0681351701141368,0
-1.3677973749714762,0.5013401553998941,0
-0.9999073977534312,-0.004159230055704016,0
-1.1466389751171815,0.06940338371667135,0
-0.6310048384172111,-0.3877924215347258,0
-1.2943186413371544,-0.13583040937613589,0
-1.6018917747653052,-0.3663832530876512,0
-1.2129724491100378,0.3910387293728013,0
-0.8825790040178018,0.0865760403151977,0
-0.619466862935274,-0.061434531410353585,0
-0.8253788105469498,-0.04616217126274997,0
-0.881326349614676,-0.2606175945792045,0
-2.0906721901197916,-0.060051466922059066,0
-0.3637276905638823,0.4142161202439023,0
-0.5682611198293673,0.552814464606917,0
-0.960351119977771,0.08824226695747409,0
-1.27622232492456,-0.14135207838379749,0
-0.7246187701057047,0.5383934877127095,0
-1.0623622703263782,-0.2013307597896826,0
-0.9997638896214651,0.26886783182742996,0
-1.645711503703012,-1.0268833399710247,0
-1.2462075639163503,-0.545919193064547,0
-1.227247204807913,-0.06608936772249153,0
-1.2026988506538174,0.6495632284376212,0
-0.8538752990114091,0.1343762187171059,0
-0.72174050596659,-0.5093016532771648,0
-0.5352950814213937,-0.033882818992012065,0
-0.7001519524505262,-0.47934912705052424,0
-1.6948620442896218,0.36577137468760407,0
-0.8316645424534943,-0.40340971895054795,0
-1.3889251534504283,0.503309736438849,0
-1.5319211691396084,0.7346256776561337,0
-1.402769836923687,0.2854975483894666,0
-1.146962650087419,0.26975361981471774,0
-1.2433351792473597,-0.07280320084647762,0
-0.9817003884463862,-0.4481918554649875,0
-0.6686932808507627,-0.22951608432111428,0
-1.1022329900701957,-0.4446865590018073,0
-2.1459104484204135,-0.08543021255273398,0
0.0789544172581591,0.35088570463555935,0
-1.0086135036717132,-0.11756835295419474,0
-0.9899529472994081,0.24467910666426124,0
-1.5280755447466963,0.4983398116164726,0
-0.6800717497680318,0.32118242063059194,0
-0.8039076883074014,0.008772836019021138,0
-0.6990873073907329,0.26466732661817466,0
-1.1583318192932965,-0.2565225112423734,0
-0.9544484799715816,0.6927428714520523,0
-1.5541455305126193,-0.65629725058418,0
-0.9263167117930196,0.02275767211375972,0
-0.9224792510269628,0.10909918677037321,0
-1.0998190828189283,0.6662871851811679,0
-1.7159460242646698,-0.3705151333129916,0
-1.0461769325387413,-0.7348563763215565,0
-1.0786444804905704,0.743032046631138,0
-0.9906592784717951,0.10317258153154925,0
-1.5635628155551897,-0.2756452014167514,0
-1.1677929222632375,-0.14208651076497245,0
-0.42683147028615365,0.24940702444506832,0
-1.4970591091688474,0.11024028827049738,0
-0.7771884604984769,0.5098901509229156,0
-0.2931607167257856,-0.45396392329846513,0
-1.3626265030265228,-0.5624059159063444,0
-1.1046568626096267,0.20856180542766095,0
-0.5584505808749749,-0.03396633036507492,0
-1.1430401608865552,0.06786823735941393,0
-1.3734872597942303,0.9344701246655055,0
-1.7189678682826224,0.08261849852270058,0
-0.09501578682223688,0.0030409829345174316,0
-1.0849880401283607,-0.1598544527300538,0
-1.0806736125992507,0.613956502436724,0
-1.9891747181150778,0.6857723990175382,0
-1.6368129979851112,-0.11925054690536117,0
-1.1919639405500597,0.2632090239174203,0
-1.7147029374619707,0.2066898997403071,0
-0.09470121496472139,-0.609629947886027,0
-0.9151608226944373,-0.29604742988931393,0
-0.8095374512409805,0.008563146383931372,0
-1.2868816670598602,0.21818311866197274,0
-0.19307099428871777,-0.08537477109294037,0
-0.6781144628022608,-0.5783692494524287,0
-1.4277313509437344,0.2112665100676358,0
-0.33628313473931293,0.1590351243182156,0
-1.1400038074303955,-0.00031689312837359117,0
-1.5591993385495524,0.27034747263421405,0
-0.6054086587698597,-0.20218094323705454,0
-1.210209238936049,0.11890435904785614,0
-1.1953070033805073,-0.029575404366627166,0
-0.06097586911723807,-0.11047325181151381,0
-1.1602545877974122,-0.28958949913463444,0
-0.667187232683311,-0.08104591409637502,0
-1.2904084512884568,0.5909051270214062,0
-0.3651342361689133,-0.2685175816569117,0
-1.8347420427922978,0.45057381974739935,0
-1.3061757659646411,0.3535785168958903,0
-1.8810572118271036,0.3991816649945264,0
-1.541652553262279,0.3268076491500998,0
-0.9936168900140535,-0.42661467763751587,0
-1.1820321730030314,0.3069309447935893,0
-0.9526425608788344,0.26135743025394637,0
-0.11610889990679119,-0.6995501154039484,0
-0.2767605496605364,0.04666939403152503,0
-1.401948445828594,-0.594934339709319,0
-1.0845772099417543,0.4121744603466761,0
-1.057041700726894,0.6758090297134044,0
-1.6489854980500902,-0.005406341832045532,0
-1.5600873752565678,0.16262112166713055,0
-0.6033719014710126,-0.18817039460111532,0
-2.164639842273033,0.08897231604691376,0
-0.8046845819858128,0.18080611100819527,0
-0.4473414027403958,-0.47898976704931123,0
-0.695798109764526,0.5333055723159861,0
-1.7954085483551379,0.14295264237735245,0
-1.2254760750035019,-0.03645804775255477,0
-0.8445143497260387,-0.2178952379875035,0
-1.3021858395902346,0.015273425419835122,0
-1.4862311655115614,-0.485595759972949,0
-0.6961750314424118,-0.5137563109522076,0
-0.7020159907418224,0.2068771153241895,0
-1.7718042323204635,-0.30301612435470726,0
-0.46597804044287616,-0.43879056496160296,0
-1.2076878999128868,0.20663991341110288,0
-0.6496571136631872,-0.11249160963601311,0
-1.267214682515929,0.6361031399809675,0
-0.22234042913941676,0.43775862837420715,0
-0.9618445667021176,-0.3614674194944068,0
-1.3713860289189903,0.2336754117153429,0
-0.8128866272855861,0.6268139461992547,0
-0.7091098754236329,-0.6721979460751699,0
-0.5295547236005183,-0.4463462816682221,0
-1.1717171730985032,0.11189293383265134,0
-0.10751036647133771,1.3907978591431946,0
-0.7286651992509741,-0.08192801854137956,0
-0.7609618071279765,0.3969715745700846,0
-1.143406921785866,0.8028429251599043,0
-0.8971092285626081,0.2225974765078183,0
-0.7021896209081041,0.18853926394753145,0
-0.6248144023744506,-0.2760440168894558,0
-1.249680134756137,-0.49200393013177,0
-0.8034490744276723,0.34835099440181816,0
-0.7952777506058941,0.7488557817548258,0
-1.0025026157010233,0.2990703602581221,0
-1.488223474028717,-0.17311624976054082,0
-0.6889460586330306,0.37973000789204486,0
-1.131466015623047,-0.03202015885855311,0
-1.6788137757681172,-0.15966831259120026,0
-0.6018085440696894,0.2572395034026287,0
-0.776095482597529,0.02225946960548732,0
-0.9968412594343067,-0.29530459096854944,0
-0.687474429563669,0.18826482406858286,0
-0.779962481935393,-0.2352499333476233,0
-1.963004229539997,0.49066160903589917,0
-1.2141426203615713,-0.3858450515479473,0
-0.6898668023995442,-0.17531338217966427,0
-0.525982038689286,0.27593344915506063,0
-0.6942985051980416,-0.610873964899693,0
-0.45800217275079935,0.11683478939936683,0
-1.165145757178233,0.0641252720333564,0
-1.7943565449581629,0.1827550931334373,0
-1.4603489332793185,-0.6049325420580429,0
-1.6808197253108932,0.4976093688502499,0
-1.2814151448098576,0.6859038836696741,0
-1.239617698765756,-0.7635536910206064,0
-1.4993249092530168,0.5526717579439308,0
-1.0697197846869493,-0.2452015332305131,0
-0.9284376738708505,0.22440406160129459,0
-0.5002840579328649,0.6477885486793357,0
-1.160893429631488,-0.5930265534971478,0
-1.1849072413199098,0.11640098118748299,0
-1.4310060945858258,-0.4280509020862864,0
-0.8462533854027621,-0.021757993075349483,0
-0.9853327377603888,-0.3392094258011621,0
-1.1030383318057195,-0.41332962752845975,0
-0.6018911678525343,0.46297757722074884,0
-1.825640311839879,-0.4156898938429064,0
-1.6692682289397078,-0.2906995408671378,0
-1.0373145944711641,-0.6483010509007061,0
-1.4122682415746906,-0.448983386097256,0
-0.9073072323898241,0.03101173029354245,0
-1.3227708462352958,0.0790766979888985,0
-1.2444827662164921,-0.12148785862485204,0
-0.251609473800671,0.5994724065988168,0
-1.5811903976106736,0.3710676179026192,0
-0.6371324294895375,-0.5135189539436649,0
-0.633831506021405,0.6877840628674257,0
-1.502017298910368,-0.4103197354671432,0
-0.5448879564111561,0.12141639411571668,0
-0.7533723121172085,0.1523161280549794,0
-0.8252754724545575,-0.5932163698324809,0
-0.531625282791052,0.5230565457743932,0
-1.1025866594290734,-0.019443483047628645,0
-1.6847320913149055,0.22998171844168958,0
-0.7441681346585101,-0.02781266832006088,0
-0.49717389131985434,-0.14940387964120913,0
-0.7475005538405401,-0.45600775510958785,0
-1.0105328420742254,-0.07797359456745417,0
-0.8992392340894463,-0.16525746647762338,0
-1.0587963322200387,0.3694195255929262,0
-1.1953269049211,-0.7184831216692429,0
-0.21756229157143991,0.6178050455492543,0
-1.5779174462086496,0.3084467074280881,0
-1.2249371555840325,0.11783506493647479,0
-0.868418969381032,-0.10483035519269854,0
-1.35051066133631,-0.3088193468466789,0
-1.40973348069036,-0.3720022005594519,0
-1.0300430446325113,-0.32009759824523004,0
-0.6949770433744857,0.665116700521269,0
-1.259407695654502,0.10706494746329757,0
-0.7765340252036319,0.21108583266195394,0
-0.966031771538084,0.3321376746292554,0
-0.7843317119455943,-0.5534994619041783,0
-0.6113015913938802,0.39680852558822777,0
-1.341351923044859,0.01696631579600786,0
-0.6944059842155967,-0.09360798584191578,0
-0.5201496293660363,1.0571559176221792,0
-1.3515036396674378,-0.6176219225222122,0
-0.8641281934797957,0.3226925622954195,0
-1.1032465811271566,0.6499179264424536,0
-1.5986427126513307,0.30988262879484674,0
-1.2709491960241404,0.7689291754581545,0
-0.1089200448208173,-0.34285924913632015,0
-1.245769422682335,0.3844193895844487,0
-1.1731300898206038,-0.02030851404750842,0
-0.9886459531651638,-0.8585039343679063,0
-1.0061884281844193,-0.30845563775542184,0
-1.2205312304284892,0.6456118588500961,0
-1.5619269659611117,0.36367641544477763,0
-1.1247560150848923,-0.12511255083069617,0
-0.6465349425845952,0.15207556209856882,0
-0.7448141098744461,0.432985343144807,0
-1.1481656132626916,-0.2738005913363642,0
-1.4852940686405853,-0.36913481087541433,0
0.3188751214111971,0.5566376305466786,0
-1.604218825099716,-0.5914211777328199,0
-0.7845029459894688,0.24474425772595657,0
-0.7545316864959146,-0.11401969712869421,0
-1.0561048506866835,0.14663218089012153,0
-0.9615874798272592,-0.992501299190822,0
-1.1027695190340945,-0.3807605326973534,0
-0.921643071377275,1.3350484120528894,0
-0.8356572031029236,-0.1402147382491315,0
-0.5877578359634914,0.21586458554311017,0
-0.8121280324753093,0.27139183572326264,0
-0.08028575807027993,-0.5057486832714244,0
-0.7881852959850372,-0.4142902359423577,0
-0.7515671920835866,-0.41084909793900964,0
-1.1866521133546906,-0.1319682215421083,0
-0.5636014963928793,0.41074531417840143,0
-1.5571017468973622,0.024567281295836137,0
-1.3173337581367153,-0.5628205060574697,0
-1.0970529754050784,-0.13795769697518007,0
0.08526060511760569,0.1936255202065908,0
-1.6160892757359684,-0.2525746130501953,0
-0.5432235040674229,0.9339800014510612,0
-1.7092732994688697,-0.84072774354608,0
-0.16327893686677597,0.17424075711980028,0
-1.388312314568911,0.23909339586367095,0
-2.1787422231966227,0.0015095724419501985,0
-0.8533939146118307,0.41334617231596066,0
-1.4534280542875995,0.038320463539381414,0
-1.4138624743843122,0.11421108760739412,0
-1.4004110480416325,-0.1825082436073923,0
-1.4453421831583484,0.29119697986628773,0
-0.6160889895590189,-0.10492550866890443,0
-0.9828994487892164,-0.6478297749486377,0
-1.1340194712424905,-0.022452187297937146,0
0.17205430130096366,-0.4972867716738581,0
-0.3452000326083221,0.44580879628732206,0
-0.8744955845197856,0.7864789898567826,0
-0.8335893736902737,0.17403728311652605,0
-1.0237562782312821,0.5471966392482996,0
-0.5096440515923506,-0.27981138936384203,0
-1.5899852812497475,-0.09077570066658502,0
-1.357788122922896,-0.02840905341633831,0
-0.4466008425791449,-0.20451151739944498,0
-1.0191511983278152,0.02594855585440299,0
-0.6205701746357735,-1.0048394577417612,0
-1.2713246202128727,0.09448893969480969,0
-0.463308375012506,-0.2199854621844793,0
-1.8392198828141622,0.2771433839229937,0
-1.284142698352152,-0.5320351040582232,0
-1.2792157465674734,-0.08252224865818816,0
-1.2704500357875501,-0.9863591265079402,0
-0.5988198006886325,0.5701414510234146,0
-0.7086305077057672,-0.5087884992194623,0
-1.0901097533594712,-0.002916420831154573,0
-0.7322110080788157,0.298890952977812,0
-1.3283325042735936,0.03666952759872799,0
-0.7954979861003425,0.6510635350963535,0
-0.6849350972717513,0.3528768782144921,0
-0.9625115923250733,0.6307765056322562,0
-0.8167485067168375,-0.38509022035026724,0
-0.37239386984364486,0.3121118318233656,0
-1.1981353096536278,-0.21443577396755972,0
-0.8673673841202398,0.20714253767252847,0
-0.9117682165227354,0.13922147116071482,0
-0.23975595031902808,0.47920866584432203,0
-0.9147451718001081,0.42096688930717974,0
-1.4617587273362027,0.17795838675340378,0
-0.1908536019749515,-0.09751308886243122,0
-1.3790734168854957,-0.29162301645327415,0
-1.4872987084054294,-0.3509561945451979,0
-1.1656962589322997,-0.6285886803630388,0
-0.993015268718679,0.40351061902666685,0
-1.4059609051608117,0.679444426077119,0
-0.7715668335366416,0.4608896491493869,0
-1.2941925560723249,0.3821552992418792,0
-1.4883276856440808,0.3981307857339469,0
-0.923151111002596,0.24742146730413328,0
-1.525741890431845,-0.4002874023881006,0
-0.7329114211808702,-0.4241141207543141,0
-0.7928478486521474,-0.6114026139710121,0
-0.6206849607429934,-0.5512011831351513,0
-0.7530039590759378,0.2797906592918237,0
-1.311605830162934,0.26029019374245815,0
-0.8835266789944536,-0.24097740391382574,0
-1.451039366524045,-0.8777128921934859,0
-0.8436317451803736,-0.6998010736291232,0
-0.9573607777577875,-0.11781762394219246,0
-0.696278117538464,-0.13507885383144289,0
-1.1473335290617848,0.32730252910585517,0
-0.8501574941121623,0.14138924235044104,0
-0.7901371539101296,-0.6867287303689542,0
-0.6615538133893548,0.2739043715023462,0
-1.4546745174148414,-0.10915610622317239,0
-1.017578753429304,-0.06014879053548154,0
-0.8506932839573899,0.6401266849819274,0
-0.5162192122252105,-0.586842263578514,0
-0.721801842982608,0.594317048009125,0
-0.8270139706925619,0.4879012785674891,0
-0.10008529885985795,0.4578168268621331,0
-0.8885058065540173,0.4673777741110072,0
-0.9352041912165415,0.010689765930856061,0
-1.157157223863408,0.699179709455973,0
-1.3660124263561564,0.6852956797813898,0
-0.7764539679606326,-0.6257887456384689,0
-0.8355822377982889,-0.9391604051321026,0
-0.7202643107789444,0.3958875543572665,0
-1.2649096367429684,0.05525220932403158,0
-0.12607422787956368,-0.2261768020252346,0
-1.473557869309767,0.662620017536,0
-0.1223043260405623,0.0016527546948637759,0
-0.5476599792197278,0.5999262674611632,0
-1.3320490432355176,-0.21703536755197503,0
-0.44953618336281076,0.7535612940500007,0
-0.7482720266833177,-0.3934649404021247,0
-0.11135925575874939,-0.2374574043163294,0
-1.149878172105563,0.15309813383777313,0
-0.30495833026841856,0.38190966694450773,0
-0.8144665079342609,0.20718892930800883,0
-0.9805396485789662,0.24960757907842218,0
-2.131253657378822,-0.13264688822271112,0
-0.8920775498128595,-0.514749146806569,0
-0.8272309600160193,-0.09144230991346985,0
-0.21492740114353026,0.7034758071056917,0
-1.2083145833692377,-0.0674566753267274,0
-1.0330703566941983,-0.2019882582749724,0
-0.9127821756804596,-0.339114050430366,0
-1.5056265490648002,0.27848492539861847,0
-0.7184658111665704,-0.3597009427948252,0
-0.5995848785582443,-0.2824501470977265,0
-0.8867810636414317,0.3668689954272793,0
-1.0150319959151224,0.20336631833956717,0
-1.2309543578657238,-0.08786252717047179,0
-1.092063136251572,-0.3338799866786738,0
-1.079055809078505,-0.6925631574918846,0
-1.2196506332026977,-0.12740019365967492,0
-1.1145670682077482,-0.10800094107192747,0
-1.0276217898926263,0.21441276513522675,0
-0.6089040749510913,-0.2905838433296593,0
-1.5380877806472042,-0.46601642826987844,0
-1.217883770125666,-0.15738399787380444,0
-1.3443527092849885,-0.579640993606607,0
-1.2039834352371477,0.08113645110057412,0
-0.7338947331552577,-0.24928716779513632,0
-1.1846982409744173,-0.4144320826433363,0
-1.0140600244228395,-0.3794288200215927,0
-0.7436894499593745,-0.7986637749407505,0
-1.1608312788659378,0.13465929579136438,0
-0.9177867049784171,1.2043612676711435,0
-0.8435646733070125,-0.44902686633197614,0
-1.0426929091824007,-0.7943615092831492,0
-1.0360453036793997,-0.3725539945043272,0
-0.5906250235810429,-0.24576188207390334,0
-1.0522193050346376,-0.2842301074026553,0
-0.22236203489770934,-0.14366413246394336,0
-0.1804555756268934,0.36409973681953645,0
-0.7844132055974441,0.16490247659188365,0
-0.823888494366541,-0.8620813851558282,0
-1.1247204454233917,0.3779661350587903,0
-1.021867485231276,-0.6284200037490618,0
-1.02343598276295,0.7620991550359303,0
-0.4423730726966074,-0.027729035963996125,0
-0.5744989478710174,-0.16390692235477278,0
-1.7619945386149958,-0.41343375846883945,0
-0.3010548944689474,-0.12253343126699733,0
-1.1088446245033894,-0.13409171782431142,0
-0.1484442294540279,0.7271509326742801,0
-0.007731314175424053,-0.07112718039005424,0
-0.8677927094695748,-0.6782631676146946,0
-0.33949484497797955,-0.5222468918738606,0
-0.9030550207131842,-0.49072860873387614,0
-1.263349250856463,-0.3744351421667721,0
-1.2718500809423068,-0.2411030024909112,0
-1.2451932590788728,0.3726782549393159,0
-1.4941096622196155,0.09862912453156295,0
-0.4553121083253504,-0.22950839137154286,0
-1.3210630884085766,-0.10309374647814011,0
-0.47241084786706977,0.08680757155263003,0
-1.237566254672438,0.21639621695628225,0
-1.4929600356197252,0.3047132364932819,0
-0.8172652567751348,-0.13765613310336539,0
-1.3750269700587892,-0.3965357633156037,0
-0.7608224160770352,0.5496167893174784,0
-1.285012688988725,0.2049967658246326,0
-1.9333468568945888,-0.2614489973202322,0
-1.013889977041588,-0.4068227916751333,0
-1.4188183830782863,-0.2986400964498178,0
-0.8693274393862203,-0.08377608386299262,0
-2.000967437415566,-0.9484059402372376,0
-1.2713983581732289,0.2046836637611099,0
-2.2287215193686984,-0.22348612885659805,0
-1.2353451960373019,0.6208835295610231,0
-1.1721869887620175,0.17127788090286913,0
-0.9368278864914443,-0.9528182958862667,0
-0.6564472885611057,0.09632824566323284,0
-0.7726953541712542,1.755866881482898,0
-1.9320436411011501,0.771307789886397,0
-1.128550438668577,0.12849739242913347,0
-1.0203536948604446,-0.18972425600065793,0
-1.254837032671925,0.14736078638425032,0
-1.6785007038865043,0.33566920821477403,0
-1.1861277962356997,-0.5053823722764994,0
-1.2012518682455198,0.5622142213530675,0
-1.239409129061808,0.16030533141949346,0
-1.3268935842159753,0.3389529556123214,0
-0.6934316193925869,0.8267230030114705,0
-1.0785145833068628,0.29903151938410577,0
-0.9561428630409543,0.5795314788738958,0
-1.3214716166243197,0.33317650463841997,0
-1.0870712778304612,-0.02870582547327937,0
-0.9589670415337892,0.11280533461630914,0
-1.0519792082760906,0.09602265464693215,0
-0.29424414935420595,0.44070649708828497,0
-0.6113022496441621,-0.20372346932548188,0
-1.3976805880573493,0.4272233974326224,0
-0.6082199640865451,0.6585983478899493,0
-1.2701083473520143,-0.10265727950588151,0
-1.733199607088237,-0.17551841447132832,0
-0.5543201187945366,-0.2086230758287588,0
-0.7135687279431628,-0.08519557898719081,0
-0.8550772912620046,-0.5132631929638084,0
-0.9618931756586505,-1.33767667217577,0
-1.08358250287675,-0.729169801688327,0
-0.46066285610186486,0.3476671373979212,0
-0.7912983922394529,0.6802146636257721,0
-1.4243683691073863,0.7814445783841214,0
-0.5831112588523832,-0.1057907405317101,0
-0.4921352308561241,-0.49474949936388424,0
-1.3687339427174239,-0.2721695983143507,0
-1.2365660227626354,-0.47250694227177276,0
-0.4530206239691834,-0.11576320710037805,0
-0.8423549856695209,-0.255068885272176,0
-1.814198548017393,0.1207733222374486,0
-1.8551864230701622,-0.030694078523592228,0
-1.6119290882930857,0.8887368448667813,0
-0.5924262002116134,0.04729453323227083,0
-0.43485319302874936,-0.3784840112115131,0
-0.7569486329848646,0.08935794248175188,0
-0.8819266301425781,0.5690137835297038,0
-0.6724195730405199,0.1291211473578962,0
-1.7400881605033636,-0.42934575555834326,0
-1.0548771033933093,0.04175739522062898,0
-1.50544247135887,1.0785345972688114,0
-0.3218479623552878,0.2692754989791182,0
-0.9677841362567647,-0.09490273642683639,0
-1.425710877129327,0.03465034126802159,0
-0.8847295597735132,-0.5553322117112341,0
-0.8505517629126153,-0.0694339574588194,0
